<ns0:LeaveApplicationCredit xmlns:ns0="http://LeaveCommonSchema.LeaveApplicationCredit">
  <Envelope>
    <EntityID></EntityID>
    <WorkFlowType></WorkFlowType>
    <Reserved1></Reserved1>
    <Reserved2></Reserved2>
    <TimeStamp></TimeStamp>
  </Envelope>
  <Body>
    <ApplicationID></ApplicationID>
    <RefApplicationID></RefApplicationID>
    <AppliedBy></AppliedBy>
    <EmployeeID></EmployeeID>
    <ApplicationDate></ApplicationDate>
    <FromDate></FromDate>
    <ToDate></ToDate>
    <NumberOfDays></NumberOfDays>
    <Reason></Reason>
    <LeaveType></LeaveType>
    <RuleCheck></RuleCheck>
    <Note></Note>
    <Links>
      <ApprovalLink></ApprovalLink>
    </Links>
  </Body>
</ns0:LeaveApplicationCredit>